{"cameraMode":{"drawMode":0,"name":"Shaded","section":"Shading Mode"},"sceneLighting":false,"audioPlay":false,"sceneViewState":{"m_AlwaysRefresh":false,"showFog":true,"showSkybox":false,"showFlares":true,"showImageEffects":true,"showParticleSystems":true,"showVisualEffectGraphs":true,"m_FxEnabled":true},"in2DMode":false,"pivot":{"x":-0.01368531584739685,"y":1.1074128150939942,"z":0.43242648243904116},"rotation":{"x":0.12212590128183365,"y":0.09513076394796372,"z":-0.01175996195524931,"w":0.9878795146942139},"size":1.6310443878173829,"orthographic":false}