{"cameraMode":{"drawMode":0,"name":"Shaded","section":"Shading Mode"},"sceneLighting":false,"audioPlay":false,"sceneViewState":{"m_AlwaysRefresh":false,"showFog":true,"showSkybox":false,"showFlares":true,"showImageEffects":true,"showParticleSystems":true,"showVisualEffectGraphs":true,"m_FxEnabled":true},"in2DMode":false,"pivot":{"x":0.2958579957485199,"y":7.704142093658447,"z":0.004999987781047821},"rotation":{"x":-0.3721774220466614,"y":0.060960475355386737,"z":-0.024427305907011033,"w":-0.9258810877799988},"size":0.048941995948553088,"orthographic":true}