{"cameraMode":{"drawMode":0,"name":"Shaded","section":"Shading Mode"},"sceneLighting":true,"audioPlay":false,"sceneViewState":{"m_AlwaysRefresh":false,"showFog":true,"showSkybox":true,"showFlares":true,"showImageEffects":true,"showParticleSystems":true,"showVisualEffectGraphs":true,"m_FxEnabled":true},"in2DMode":false,"pivot":{"x":0.12490910291671753,"y":2.6986701488494875,"z":4.265067100524902},"rotation":{"x":-0.19796410202980042,"y":0.28159746527671816,"z":-0.05952247604727745,"w":-0.9371058344841003},"size":1.0020400285720826,"orthographic":false}